{
  "accuracy": 0.6777083333333334,
  "std": 0.07984332531415649,
  "precision": 0.6777209106717137,
  "recall": 0.6777083333333334,
  "f1_macro": 0.6777049334369127,
  "confidence_interval_95": {
    "mean": 0.6777083333333334,
    "lower": 0.6713195367247002,
    "upper": 0.6840971299419665,
    "margin": 0.006388796608633118
  },
  "param_count": 28.695002,
  "avg_inference_time": 0.025396686792373658,
  "confusion_matrix": [
    [
      6468,
      816,
      776,
      734,
      806
    ],
    [
      740,
      6588,
      736,
      812,
      724
    ],
    [
      816,
      753,
      6502,
      705,
      824
    ],
    [
      774,
      774,
      797,
      6506,
      749
    ],
    [
      779,
      792,
      815,
      748,
      6466
    ]
  ],
  "training": {
    "training_time": 1943.1391308307648,
    "best_val_acc": 0.63525,
    "best_epoch": 8
  }
}