{
  "accuracy": 0.7209375,
  "std": 0.07942112341027417,
  "precision": 0.7209573515301171,
  "recall": 0.7209375,
  "f1_macro": 0.7209066663790893,
  "confidence_interval_95": {
    "mean": 0.7209375,
    "lower": 0.7145824865796431,
    "upper": 0.727292513420357,
    "margin": 0.006355013420356936
  },
  "param_count": 21.61366,
  "avg_inference_time": 0.02700701872507731,
  "confusion_matrix": [
    [
      7039,
      676,
      599,
      634,
      652
    ],
    [
      642,
      6986,
      722,
      579,
      671
    ],
    [
      747,
      652,
      6754,
      741,
      706
    ],
    [
      601,
      674,
      673,
      6939,
      713
    ],
    [
      675,
      700,
      570,
      768,
      6887
    ]
  ],
  "training": {
    "training_time": 1982.8335025310516,
    "best_val_acc": 0.6928750000000001,
    "best_epoch": 3
  }
}