{
  "accuracy": 0.5202604166666667,
  "std": 0.08201560697407774,
  "precision": 0.520275634172527,
  "recall": 0.5202604166666667,
  "f1_macro": 0.5201703848343875,
  "confidence_interval_95": {
    "mean": 0.5202604166666667,
    "lower": 0.5136978013243161,
    "upper": 0.5268230320090173,
    "margin": 0.006562615342350586
  },
  "param_count": 2.686531,
  "avg_inference_time": 0.008824636141459147,
  "confusion_matrix": [
    [
      5126,
      4474
    ],
    [
      4737,
      4863
    ]
  ],
  "training": {
    "training_time": 2060.3195021152496,
    "best_val_acc": 0.73203125,
    "best_epoch": 4
  }
}