{
  "baseline_accuracy": 0.5202604166666667,
  "proposed_accuracy": 0.5559375,
  "accuracy_improvement": 0.035677083333333304,
  "baseline_f1": 0.5201703848343875,
  "proposed_f1": 0.5559183750003296,
  "f1_improvement": 0.0357479901659421,
  "baseline_params": 2.686531,
  "proposed_params": 0.249564,
  "param_overhead": -2.436967
}