{
  "accuracy": 0.5351666666666667,
  "std": 0.12096949225137532,
  "precision": 0.5352172571896957,
  "recall": 0.5351666666666667,
  "f1_macro": 0.535156413844342,
  "confidence_interval_95": {
    "mean": 0.5351666666666667,
    "lower": 0.5254870913383252,
    "upper": 0.5448462419950082,
    "margin": 0.009679575328341516
  },
  "param_count": 28.694982,
  "avg_inference_time": 0.024612342913945515,
  "confusion_matrix": [
    [
      5070,
      1174,
      1054,
      1186,
      1116
    ],
    [
      1057,
      5254,
      1089,
      1049,
      1151
    ],
    [
      952,
      1180,
      5151,
      1149,
      1168
    ],
    [
      1136,
      1107,
      1127,
      5106,
      1124
    ],
    [
      1172,
      1142,
      1104,
      1075,
      5107
    ]
  ],
  "training": {
    "training_time": 1153.9833507537842,
    "best_val_acc": 0.5251874999999999,
    "best_epoch": 19
  }
}