{
  "baseline_accuracy": 0.5351666666666667,
  "proposed_accuracy": 0.5688333333333333,
  "accuracy_improvement": 0.03366666666666662,
  "baseline_f1": 0.535156413844342,
  "proposed_f1": 0.5688400067174998,
  "f1_improvement": 0.03368359287315781,
  "baseline_params": 28.694982,
  "proposed_params": 21.61366,
  "param_overhead": -7.081322
}