{
  "accuracy": 0.5688333333333333,
  "std": 0.1263530657412879,
  "precision": 0.5688764799515259,
  "recall": 0.5688333333333333,
  "f1_macro": 0.5688400067174998,
  "confidence_interval_95": {
    "mean": 0.5688333333333333,
    "lower": 0.5587229824089185,
    "upper": 0.5789436842577481,
    "margin": 0.010110350924414813
  },
  "param_count": 21.61366,
  "avg_inference_time": 0.025138938824335735,
  "confusion_matrix": [
    [
      5454,
      1062,
      988,
      1049,
      1047
    ],
    [
      1064,
      5373,
      1073,
      991,
      1099
    ],
    [
      1026,
      980,
      5561,
      982,
      1051
    ],
    [
      1096,
      1022,
      993,
      5472,
      1017
    ],
    [
      1103,
      1061,
      1004,
      988,
      5444
    ]
  ],
  "training": {
    "training_time": 1191.3564121723175,
    "best_val_acc": 0.5928125,
    "best_epoch": 20
  }
}