{
  "Full Model Improvement": 0.49181250000000004,
  "Invariance Only": 0.47352083333333334,
  "Covariance Only": 0.47933333333333333,
  "Variance Only": 0.47725,
  "Dynamic Weight Effect": -0.0020416666666666083
}