{
  "Full Model Improvement": 0.45572916666666674,
  "Invariance Only": 0.4553125,
  "Covariance Only": 0.4462291666666667,
  "Variance Only": 0.4388333333333334,
  "Dynamic Weight Effect": -0.009937499999999932
}