{
  "accuracy": 0.39889583333333334,
  "std": 0.09429055042423687,
  "precision": 0.3988616621090143,
  "recall": 0.39889583333333334,
  "f1_macro": 0.3988669134670298,
  "confidence_interval_95": {
    "mean": 0.39889583333333334,
    "lower": 0.39135101795388544,
    "upper": 0.40644064871278124,
    "margin": 0.0075448153794479
  },
  "param_count": 2.686534,
  "avg_inference_time": 0.01150973359743754,
  "confusion_matrix": [
    [
      3744,
      1466,
      1501,
      1473,
      1416
    ],
    [
      1446,
      3810,
      1376,
      1498,
      1470
    ],
    [
      1408,
      1505,
      3783,
      1432,
      1472
    ],
    [
      1445,
      1445,
      1390,
      3854,
      1466
    ],
    [
      1423,
      1334,
      1511,
      1376,
      3956
    ]
  ],
  "training": {
    "training_time": 414.13583517074585,
    "best_val_acc": 0.4079375,
    "best_epoch": 16
  }
}