{
  "baseline_accuracy": 0.39889583333333334,
  "proposed_accuracy": 0.4236875,
  "accuracy_improvement": 0.024791666666666656,
  "baseline_f1": 0.3988669134670298,
  "proposed_f1": 0.4236136015304943,
  "f1_improvement": 0.024746688063464528,
  "baseline_params": 2.686534,
  "proposed_params": 0.249564,
  "param_overhead": -2.43697
}