{
  "accuracy": 0.4236875,
  "std": 0.09454439130420869,
  "precision": 0.4236252554061665,
  "recall": 0.42368749999999994,
  "f1_macro": 0.4236136015304943,
  "confidence_interval_95": {
    "mean": 0.42368749999999994,
    "lower": 0.41612237311991357,
    "upper": 0.4312526268800863,
    "margin": 0.00756512688008637
  },
  "param_count": 0.249564,
  "avg_inference_time": 0.011490069627761841,
  "confusion_matrix": [
    [
      4260,
      1418,
      1256,
      1381,
      1285
    ],
    [
      1398,
      3958,
      1453,
      1411,
      1380
    ],
    [
      1383,
      1295,
      4148,
      1345,
      1429
    ],
    [
      1422,
      1388,
      1376,
      4010,
      1404
    ],
    [
      1492,
      1341,
      1383,
      1423,
      3961
    ]
  ],
  "training": {
    "training_time": 432.10685658454895,
    "best_val_acc": 0.42268750000000005,
    "best_epoch": 19
  }
}