{
  "accuracy": 0.9617083333333334,
  "std": 0.04764121916879216,
  "precision": 0.9617099138919583,
  "recall": 0.9617083333333334,
  "f1_macro": 0.9617021240840758,
  "confidence_interval_95": {
    "mean": 0.9617083333333335,
    "lower": 0.9578962418622039,
    "upper": 0.9655204248044631,
    "margin": 0.0038120914711295972
  },
  "param_count": 0.216646,
  "avg_inference_time": 0.009058894713719685,
  "confusion_matrix": [
    [
      9153,
      122,
      106,
      101,
      118
    ],
    [
      70,
      9270,
      110,
      64,
      86
    ],
    [
      90,
      85,
      9233,
      73,
      119
    ],
    [
      78,
      63,
      70,
      9304,
      85
    ],
    [
      111,
      77,
      96,
      114,
      9202
    ]
  ],
  "training": {
    "training_time": 826.4714283943176,
    "best_val_acc": 0.975875,
    "best_epoch": 44
  }
}