{
  "baseline_accuracy": 0.9617083333333334,
  "proposed_accuracy": 0.97775,
  "accuracy_improvement": 0.01604166666666662,
  "baseline_f1": 0.9617021240840758,
  "proposed_f1": 0.9777505203630611,
  "f1_improvement": 0.016048396278985244,
  "baseline_params": 0.216646,
  "proposed_params": 0.15126,
  "param_overhead": -0.065386
}