{
  "accuracy": 0.97775,
  "std": 0.03507046478163642,
  "precision": 0.9777542009688283,
  "recall": 0.97775,
  "f1_macro": 0.9777505203630611,
  "confidence_interval_95": {
    "mean": 0.97775,
    "lower": 0.9749437783705963,
    "upper": 0.9805562216294037,
    "margin": 0.0028062216294036935
  },
  "param_count": 0.15126,
  "avg_inference_time": 0.009417855342229208,
  "confusion_matrix": [
    [
      9386,
      72,
      46,
      53,
      43
    ],
    [
      36,
      9397,
      46,
      53,
      68
    ],
    [
      61,
      58,
      9382,
      60,
      39
    ],
    [
      47,
      57,
      64,
      9364,
      68
    ],
    [
      36,
      50,
      50,
      61,
      9403
    ]
  ],
  "training": {
    "training_time": 862.6727769374847,
    "best_val_acc": 0.9871875,
    "best_epoch": 44
  }
}