{
  "Full Model Improvement": 0.19797916666666668,
  "Invariance Only": 0.19254166666666664,
  "Covariance Only": 0.18831250000000002,
  "Variance Only": 0.18668749999999998,
  "Dynamic Weight Effect": -0.009374999999999967
}