{
  "accuracy": 0.9517291666666666,
  "std": 0.04592089647033134,
  "precision": 0.9517484650870927,
  "recall": 0.9517291666666667,
  "f1_macro": 0.9517293050218344,
  "confidence_interval_95": {
    "mean": 0.9517291666666665,
    "lower": 0.9480547296804727,
    "upper": 0.9554036036528604,
    "margin": 0.003674436986193852
  },
  "param_count": 22.108634,
  "avg_inference_time": 0.02360403299331665,
  "confusion_matrix": [
    [
      9122,
      138,
      120,
      124,
      96
    ],
    [
      99,
      9130,
      124,
      130,
      117
    ],
    [
      122,
      111,
      9152,
      112,
      103
    ],
    [
      96,
      122,
      88,
      9189,
      105
    ],
    [
      120,
      148,
      117,
      125,
      9090
    ]
  ],
  "training": {
    "training_time": 422.3657989501953,
    "best_val_acc": 0.952375,
    "best_epoch": 20
  }
}