{
  "baseline_accuracy": 0.9517291666666666,
  "proposed_accuracy": 0.9578958333333333,
  "accuracy_improvement": 0.006166666666666654,
  "baseline_f1": 0.9517293050218344,
  "proposed_f1": 0.9578956280783235,
  "f1_improvement": 0.00616632305648912,
  "baseline_params": 22.108634,
  "proposed_params": 21.351516,
  "param_overhead": -0.7571179999999984
}