{
  "accuracy": 0.9578958333333333,
  "std": 0.04134332351547896,
  "precision": 0.9579128507037769,
  "recall": 0.9578958333333333,
  "f1_macro": 0.9578956280783235,
  "confidence_interval_95": {
    "mean": 0.9578958333333333,
    "lower": 0.9545876784684647,
    "upper": 0.9612039881982019,
    "margin": 0.0033081548648685732
  },
  "param_count": 21.351516,
  "avg_inference_time": 0.0244223423798879,
  "confusion_matrix": [
    [
      9202,
      103,
      93,
      90,
      112
    ],
    [
      135,
      9160,
      110,
      105,
      90
    ],
    [
      99,
      76,
      9233,
      93,
      99
    ],
    [
      83,
      91,
      114,
      9223,
      89
    ],
    [
      127,
      82,
      108,
      122,
      9161
    ]
  ],
  "training": {
    "training_time": 443.0916848182678,
    "best_val_acc": 0.9626874999999999,
    "best_epoch": 18
  }
}