{
  "Full Model Improvement": 0.059250000000000025,
  "Invariance Only": 0.0628125,
  "Covariance Only": 0.05441666666666667,
  "Variance Only": 0.05108333333333334,
  "Dynamic Weight Effect": -0.007979166666666648
}