{
  "accuracy": 0.6049166666666667,
  "std": 0.08662535072880738,
  "precision": 0.6049018175167771,
  "recall": 0.6049166666666667,
  "f1_macro": 0.6048901432898465,
  "confidence_interval_95": {
    "mean": 0.6049166666666667,
    "lower": 0.5979851950028765,
    "upper": 0.6118481383304568,
    "margin": 0.006931471663790156
  },
  "param_count": 2.686554,
  "avg_inference_time": 0.011333281993865968,
  "confusion_matrix": [
    [
      5763,
      923,
      962,
      967,
      985
    ],
    [
      964,
      5865,
      936,
      977,
      858
    ],
    [
      911,
      929,
      5927,
      906,
      927
    ],
    [
      947,
      986,
      965,
      5680,
      1022
    ],
    [
      982,
      888,
      1002,
      927,
      5801
    ]
  ],
  "training": {
    "training_time": 488.00674843788147,
    "best_val_acc": 0.591375,
    "best_epoch": 17
  }
}