{
  "accuracy": 0.6094583333333333,
  "std": 0.08342360735360758,
  "precision": 0.6094678895061394,
  "recall": 0.6094583333333332,
  "f1_macro": 0.6094314951374761,
  "confidence_interval_95": {
    "mean": 0.6094583333333333,
    "lower": 0.6027830544963914,
    "upper": 0.6161336121702753,
    "margin": 0.006675278836941967
  },
  "param_count": 0.249564,
  "avg_inference_time": 0.011756551663080851,
  "confusion_matrix": [
    [
      5992,
      878,
      929,
      913,
      888
    ],
    [
      946,
      5789,
      926,
      959,
      980
    ],
    [
      949,
      879,
      5870,
      963,
      939
    ],
    [
      856,
      899,
      988,
      5887,
      970
    ],
    [
      1009,
      941,
      979,
      955,
      5716
    ]
  ],
  "training": {
    "training_time": 509.43529868125916,
    "best_val_acc": 0.595625,
    "best_epoch": 18
  }
}