{
  "Full Model Improvement": 0.18904166666666666,
  "Invariance Only": 0.161375,
  "Covariance Only": 0.19291666666666668,
  "Variance Only": 0.14120833333333332,
  "Dynamic Weight Effect": 0.019791666666666652
}