{
  "accuracy": 0.5682291666666667,
  "std": 0.08835439754744652,
  "precision": 0.5682613753552291,
  "recall": 0.5682291666666667,
  "f1_macro": 0.5682104021935286,
  "confidence_interval_95": {
    "mean": 0.5682291666666667,
    "lower": 0.5611593424429396,
    "upper": 0.5752989908903937,
    "margin": 0.007069824223727039
  },
  "param_count": 28.695002,
  "avg_inference_time": 0.027647614081700644,
  "confusion_matrix": [
    [
      5374,
      1115,
      1013,
      1077,
      1021
    ],
    [
      1056,
      5514,
      1033,
      994,
      1003
    ],
    [
      1032,
      1058,
      5368,
      1090,
      1052
    ],
    [
      975,
      1018,
      1083,
      5567,
      957
    ],
    [
      1007,
      1114,
      1013,
      1014,
      5452
    ]
  ],
  "training": {
    "training_time": 575.6412303447723,
    "best_val_acc": 0.5889375,
    "best_epoch": 18
  }
}