{
  "accuracy": 0.5814583333333333,
  "std": 0.08535134697563686,
  "precision": 0.5814978120900188,
  "recall": 0.5814583333333333,
  "f1_macro": 0.5814518199280956,
  "confidence_interval_95": {
    "mean": 0.5814583333333333,
    "lower": 0.5746288032009813,
    "upper": 0.5882878634656853,
    "margin": 0.006829530132351991
  },
  "param_count": 21.61366,
  "avg_inference_time": 0.02786928653717041,
  "confusion_matrix": [
    [
      5632,
      956,
      1093,
      945,
      974
    ],
    [
      1038,
      5514,
      949,
      1022,
      1077
    ],
    [
      1029,
      921,
      5678,
      993,
      979
    ],
    [
      866,
      1073,
      1006,
      5589,
      1066
    ],
    [
      969,
      961,
      1092,
      1081,
      5497
    ]
  ],
  "training": {
    "training_time": 606.2151966094971,
    "best_val_acc": 0.5976250000000001,
    "best_epoch": 13
  }
}