{
  "Full Model Improvement": 0.6437083333333333,
  "Invariance Only": 0.6167291666666668,
  "Covariance Only": 0.6296458333333332,
  "Variance Only": 0.6235208333333333,
  "Dynamic Weight Effect": 0.009520833333333423
}