{
  "Full Model Improvement": 0.3860625,
  "Invariance Only": 0.3823958333333334,
  "Covariance Only": 0.3624166666666667,
  "Variance Only": 0.3783958333333334,
  "Dynamic Weight Effect": 0.00010416666666668295
}