{
  "accuracy": 0.4835,
  "std": 0.11416654501210063,
  "precision": 0.48363978475304714,
  "recall": 0.4835,
  "f1_macro": 0.4835348571446295,
  "confidence_interval_95": {
    "mean": 0.48350000000000004,
    "lower": 0.4743647738214463,
    "upper": 0.49263522617855376,
    "margin": 0.009135226178553724
  },
  "param_count": 0.525382,
  "avg_inference_time": 0.010100166400273641,
  "confusion_matrix": [
    [
      4671,
      1252,
      1196,
      1308,
      1173
    ],
    [
      1201,
      4564,
      1238,
      1255,
      1342
    ],
    [
      1204,
      1265,
      4668,
      1231,
      1232
    ],
    [
      1156,
      1205,
      1191,
      4648,
      1400
    ],
    [
      1171,
      1249,
      1182,
      1341,
      4657
    ]
  ],
  "training": {
    "training_time": 321.3676018714905,
    "best_val_acc": 0.43962500000000004,
    "best_epoch": 17
  }
}