{
  "accuracy": 0.4893125,
  "std": 0.10644392229596765,
  "precision": 0.48930617388777947,
  "recall": 0.48931250000000004,
  "f1_macro": 0.4892953877158453,
  "confidence_interval_95": {
    "mean": 0.48931250000000004,
    "lower": 0.480795212335711,
    "upper": 0.4978297876642891,
    "margin": 0.008517287664289053
  },
  "param_count": 0.163548,
  "avg_inference_time": 0.010258932511011759,
  "confusion_matrix": [
    [
      4612,
      1262,
      1255,
      1197,
      1274
    ],
    [
      1210,
      4593,
      1238,
      1196,
      1363
    ],
    [
      1177,
      1295,
      4761,
      1207,
      1160
    ],
    [
      1136,
      1138,
      1264,
      4833,
      1229
    ],
    [
      1335,
      1210,
      1194,
      1173,
      4688
    ]
  ],
  "training": {
    "training_time": 338.47607231140137,
    "best_val_acc": 0.4585,
    "best_epoch": 20
  }
}