{
  "Full Model Improvement": 0.07562500000000005,
  "Invariance Only": 0.13255208333333335,
  "Covariance Only": 0.1618229166666667,
  "Variance Only": 0.09375,
  "Dynamic Weight Effect": -0.02052083333333332
}