{
  "accuracy": 0.68925,
  "std": 0.09198369420718001,
  "precision": 0.6893341609599372,
  "recall": 0.68925,
  "f1_macro": 0.6892453870153046,
  "confidence_interval_95": {
    "mean": 0.68925,
    "lower": 0.6818897715615162,
    "upper": 0.6966102284384839,
    "margin": 0.007360228438483829
  },
  "param_count": 2.686554,
  "avg_inference_time": 0.010099156697591146,
  "confusion_matrix": [
    [
      6727,
      702,
      737,
      692,
      742
    ],
    [
      779,
      6529,
      744,
      840,
      708
    ],
    [
      759,
      703,
      6582,
      732,
      824
    ],
    [
      810,
      752,
      772,
      6596,
      670
    ],
    [
      751,
      647,
      778,
      774,
      6650
    ]
  ],
  "training": {
    "training_time": 1376.2768149375916,
    "best_val_acc": 0.6651250000000001,
    "best_epoch": 16
  }
}