{
  "accuracy": 0.6772708333333334,
  "std": 0.08809795438017969,
  "precision": 0.6773104510921673,
  "recall": 0.6772708333333333,
  "f1_macro": 0.6772853777572386,
  "confidence_interval_95": {
    "mean": 0.6772708333333333,
    "lower": 0.6702215288365952,
    "upper": 0.6843201378300713,
    "margin": 0.007049304496738018
  },
  "param_count": 0.249564,
  "avg_inference_time": 0.01095106323560079,
  "confusion_matrix": [
    [
      6533,
      858,
      716,
      742,
      751
    ],
    [
      802,
      6466,
      774,
      784,
      774
    ],
    [
      732,
      754,
      6509,
      864,
      741
    ],
    [
      788,
      838,
      817,
      6456,
      701
    ],
    [
      742,
      724,
      767,
      822,
      6545
    ]
  ],
  "training": {
    "training_time": 1393.7395491600037,
    "best_val_acc": 0.6780625,
    "best_epoch": 8
  }
}