{
  "Full Model Improvement": 0.2818541666666667,
  "Invariance Only": 0.291625,
  "Covariance Only": 0.26666666666666666,
  "Variance Only": 0.2682291666666667,
  "Dynamic Weight Effect": -0.010687499999999961
}