{
  "accuracy": 0.5618958333333334,
  "std": 0.12473889222146751,
  "precision": 0.5624557993798147,
  "recall": 0.5618958333333334,
  "f1_macro": 0.5619739146489107,
  "confidence_interval_95": {
    "mean": 0.5618958333333333,
    "lower": 0.5519146431905944,
    "upper": 0.5718770234760722,
    "margin": 0.009981190142738905
  },
  "param_count": 22.108634,
  "avg_inference_time": 0.024192354281743367,
  "confusion_matrix": [
    [
      5309,
      1075,
      1160,
      1081,
      975
    ],
    [
      937,
      5406,
      1127,
      1139,
      991
    ],
    [
      900,
      1028,
      5509,
      1107,
      1056
    ],
    [
      883,
      1124,
      1157,
      5378,
      1058
    ],
    [
      995,
      1044,
      1172,
      1020,
      5369
    ]
  ],
  "training": {
    "training_time": 428.20714497566223,
    "best_val_acc": 0.581125,
    "best_epoch": 16
  }
}