{
  "baseline_accuracy": 0.5618958333333334,
  "proposed_accuracy": 0.653125,
  "accuracy_improvement": 0.09122916666666658,
  "baseline_f1": 0.5619739146489107,
  "proposed_f1": 0.6531276407375376,
  "f1_improvement": 0.09115372608862693,
  "baseline_params": 22.108634,
  "proposed_params": 21.351516,
  "param_overhead": -0.7571179999999984
}