{
  "accuracy": 0.653125,
  "std": 0.10341373719998068,
  "precision": 0.653139328801166,
  "recall": 0.653125,
  "f1_macro": 0.6531276407375376,
  "confidence_interval_95": {
    "mean": 0.653125,
    "lower": 0.6448501776412152,
    "upper": 0.6613998223587847,
    "margin": 0.00827482235878474
  },
  "param_count": 21.351516,
  "avg_inference_time": 0.024194823503494264,
  "confusion_matrix": [
    [
      6296,
      831,
      834,
      798,
      841
    ],
    [
      788,
      6257,
      856,
      814,
      885
    ],
    [
      848,
      810,
      6214,
      915,
      813
    ],
    [
      821,
      773,
      885,
      6331,
      790
    ],
    [
      819,
      860,
      861,
      808,
      6252
    ]
  ],
  "training": {
    "training_time": 447.5405070781708,
    "best_val_acc": 0.6145625,
    "best_epoch": 18
  }
}