{
  "accuracy": 0.41941666666666666,
  "std": 0.10209816218826968,
  "precision": 0.4194481955762554,
  "recall": 0.41941666666666666,
  "f1_macro": 0.4194277823942218,
  "confidence_interval_95": {
    "mean": 0.41941666666666666,
    "lower": 0.41124711223278543,
    "upper": 0.4275862211005479,
    "margin": 0.008169554433881232
  },
  "param_count": 28.694982,
  "avg_inference_time": 0.02382582743962606,
  "confusion_matrix": [
    [
      4016,
      1535,
      1332,
      1309,
      1408
    ],
    [
      1407,
      3929,
      1439,
      1334,
      1491
    ],
    [
      1391,
      1360,
      4061,
      1469,
      1319
    ],
    [
      1372,
      1417,
      1363,
      4127,
      1321
    ],
    [
      1353,
      1438,
      1481,
      1329,
      3999
    ]
  ],
  "training": {
    "training_time": 494.0592975616455,
    "best_val_acc": 0.4206875,
    "best_epoch": 17
  }
}