{
  "baseline_accuracy": 0.41941666666666666,
  "proposed_accuracy": 0.3972291666666667,
  "accuracy_improvement": -0.02218749999999997,
  "baseline_f1": 0.4194277823942218,
  "proposed_f1": 0.3972148766747791,
  "f1_improvement": -0.022212905719442677,
  "baseline_params": 28.694982,
  "proposed_params": 21.61366,
  "param_overhead": -7.081322
}