{
  "accuracy": 0.3972291666666667,
  "std": 0.09739780746662399,
  "precision": 0.3972934712507007,
  "recall": 0.3972291666666667,
  "f1_macro": 0.3972148766747791,
  "confidence_interval_95": {
    "mean": 0.3972291666666667,
    "lower": 0.38943571894160384,
    "upper": 0.40502261439172954,
    "margin": 0.007793447725062852
  },
  "param_count": 21.61366,
  "avg_inference_time": 0.024004878600438435,
  "confusion_matrix": [
    [
      3856,
      1449,
      1532,
      1332,
      1431
    ],
    [
      1389,
      3784,
      1443,
      1463,
      1521
    ],
    [
      1573,
      1310,
      3949,
      1300,
      1468
    ],
    [
      1346,
      1459,
      1467,
      3731,
      1597
    ],
    [
      1455,
      1423,
      1485,
      1490,
      3747
    ]
  ],
  "training": {
    "training_time": 523.0331044197083,
    "best_val_acc": 0.4088125,
    "best_epoch": 20
  }
}