{
  "Full Model Improvement": 0.5089583333333333,
  "Invariance Only": 0.5084791666666666,
  "Covariance Only": 0.5125624999999999,
  "Variance Only": 0.5368541666666666,
  "Dynamic Weight Effect": 0.003458333333333341
}