{
  "baseline": {
    "collapse": {
      "collapsed_dimensions": 7,
      "total_dimensions": 64,
      "collapse_ratio": 0.109375,
      "min_std": 0.0,
      "max_std": 0.24382361769676208,
      "mean_std": 0.11559507250785828
    },
    "utilization": {
      "mean_utilization": 0.3075626478058352,
      "std_utilization": 0.18428705520089445,
      "min_utilization": 0.0,
      "max_utilization": 0.6190269136781401,
      "low_utilization_dims": 20
    },
    "comprehensive": {
      "feature_collapse": {
        "collapsed_dimensions": 7,
        "total_dimensions": 64,
        "collapse_ratio": 0.109375,
        "std_per_dimension": [
          0.18697489798069,
          0.0,
          0.054608386009931564,
          0.24382361769676208,
          0.12057469040155411,
          0.016523361206054688,
          0.0,
          0.009018290787935257,
          0.02086731046438217,
          0.0,
          0.0,
          0.1700800210237503,
          0.16340506076812744,
          0.10061308741569519,
          0.0007772989920340478,
          0.1398695558309555,
          0.038968250155448914,
          0.14079615473747253,
          0.1733618676662445,
          0.20730066299438477,
          0.1660749316215515,
          0.11837650835514069,
          0.15711000561714172,
          0.16807018220424652,
          0.00225815549492836,
          0.11946991086006165,
          0.10234732925891876,
          0.01243456918746233,
          0.19395208358764648,
          0.07055751979351044,
          0.1960088014602661,
          0.1213982105255127,
          0.12224650382995605,
          0.17851057648658752,
          0.0436919666826725,
          0.0,
          0.13685351610183716,
          0.13798001408576965,
          0.2128136307001114,
          0.2423277199268341,
          0.13210821151733398,
          0.14342021942138672,
          0.16040435433387756,
          0.0,
          0.18284834921360016,
          0.07434655725955963,
          0.16681188344955444,
          0.04200629144906998,
          0.1307448297739029,
          0.208397775888443,
          0.1518414169549942,
          0.14654295146465302,
          0.13146641850471497,
          0.16646791994571686,
          0.2109166979789734,
          0.14704760909080505,
          0.020732413977384567,
          0.16330599784851074,
          0.03576250374317169,
          0.19790981709957123,
          0.15263094007968903,
          0.15035875141620636,
          0.0,
          0.19196778535842896
        ],
        "min_std": 0.0,
        "max_std": 0.24382361769676208,
        "mean_std": 0.11559507250785828
      },
      "feature_utilization": {
        "mean_utilization": 0.3075626478058352,
        "std_utilization": 0.18428705520089445,
        "min_utilization": 0.0,
        "max_utilization": 0.6190269136781401,
        "low_utilization_dims": 20
      },
      "diversity_score": {
        "mean_diversity": 0.18017448526326002,
        "std_diversity": 0.001787222248822724,
        "per_class_diversity": [
          0.17802706791118464,
          0.17840298720140985,
          0.18202698808127882,
          0.18005564708132707,
          0.18235973604109965
        ]
      },
      "feature_redundancy": {
        "total_features": 64,
        "high_correlation_pairs": 0,
        "moderate_correlation_pairs": 0,
        "effective_dimensions_95pct": 38,
        "dimensionality_reduction_ratio": 0.59375,
        "mean_abs_correlation": NaN
      },
      "intraclass_consistency": {
        "mean_euclidean_consistency": 0.0038214260471064465,
        "mean_cosine_consistency": 0.9616527557373047,
        "mean_combined_consistency": 0.48273710281313453,
        "per_class_euclidean": [
          1.530077891687271,
          1.5173243135439123,
          1.5273709267084556,
          1.5292972732970114,
          1.5170836556527276
        ],
        "per_class_cosine": [
          0.9614351987838745,
          0.9620860815048218,
          0.9615302681922913,
          0.9612639546394348,
          0.9619483947753906
        ],
        "per_class_combined": [
          0.48071759939193726,
          0.4852106645749128,
          0.48164971814037044,
          0.48088706838223805,
          0.48522046357621407
        ]
      },
      "confusing_pairs": {
        "most_confusing_pairs": [
          {
            "class_1": 2,
            "class_2": 4,
            "distance": 0.023077023969452836
          },
          {
            "class_1": 3,
            "class_2": 4,
            "distance": 0.028632668808374326
          },
          {
            "class_1": 1,
            "class_2": 2,
            "distance": 0.030379413511104097
          },
          {
            "class_1": 0,
            "class_2": 2,
            "distance": 0.03198423592707762
          },
          {
            "class_1": 0,
            "class_2": 3,
            "distance": 0.03221143230850957
          }
        ],
        "mean_intercentroid_distance": 0.033664643043625736,
        "std_intercentroid_distance": 0.006014949372056062,
        "min_intercentroid_distance": 0.023077023969452836,
        "max_intercentroid_distance": 0.04574010731197046
      },
      "imbalance_ratio": {
        "imbalance_ratio": 1.0,
        "min_class_samples": 9600,
        "max_class_samples": 9600,
        "mean_class_samples": 9600.0,
        "std_class_samples": 0.0,
        "per_class_counts": {
          "0": 9600,
          "1": 9600,
          "2": 9600,
          "3": 9600,
          "4": 9600
        }
      }
    }
  },
  "proposed": {
    "collapse": {
      "collapsed_dimensions": 10,
      "total_dimensions": 64,
      "collapse_ratio": 0.15625,
      "min_std": 0.0,
      "max_std": 0.27720779180526733,
      "mean_std": 0.13325707614421844
    },
    "utilization": {
      "mean_utilization": 0.29382999346049055,
      "std_utilization": 0.18345517287658822,
      "min_utilization": 0.0,
      "max_utilization": 0.5116045763586581,
      "low_utilization_dims": 19
    },
    "comprehensive": {
      "feature_collapse": {
        "collapsed_dimensions": 10,
        "total_dimensions": 64,
        "collapse_ratio": 0.15625,