{
  "Full Model Improvement": 0.31781249999999994,
  "Invariance Only": 0.2923541666666667,
  "Covariance Only": 0.2862083333333333,
  "Variance Only": 0.2887291666666667,
  "Dynamic Weight Effect": 0.017416666666666636
}