{
  "Full Model Improvement": 0.5024791666666666,
  "Invariance Only": 0.4915208333333333,
  "Covariance Only": 0.48443749999999997,
  "Variance Only": 0.4830833333333333,
  "Dynamic Weight Effect": 0.009416666666666629
}