{
  "Full Model Improvement": 0.5157708333333334,
  "Invariance Only": 0.5188125,
  "Covariance Only": 0.48254166666666676,
  "Variance Only": 0.47187500000000004,
  "Dynamic Weight Effect": 0.06566666666666665
}