{
  "Full Model Improvement": 0.043375,
  "Invariance Only": 0.06135416666666668,
  "Covariance Only": 0.06475,
  "Variance Only": 0.05252083333333332,
  "Dynamic Weight Effect": -0.005750000000000005
}