{
  "accuracy": 0.6473125,
  "std": 0.07231885595806486,
  "precision": 0.6473544532928254,
  "recall": 0.6473125,
  "f1_macro": 0.6473252786051511,
  "confidence_interval_95": {
    "mean": 0.6473125,
    "lower": 0.6415257863346162,
    "upper": 0.6530992136653837,
    "margin": 0.005786713665383747
  },
  "param_count": 2.686554,
  "avg_inference_time": 0.00885610858599345,
  "confusion_matrix": [
    [
      6191,
      887,
      818,
      858,
      846
    ],
    [
      835,
      6242,
      804,
      919,
      800
    ],
    [
      791,
      813,
      6253,
      889,
      854
    ],
    [
      866,
      857,
      851,
      6153,
      873
    ],
    [
      842,
      871,
      794,
      861,
      6232
    ]
  ],
  "training": {
    "training_time": 1900.8436241149902,
    "best_val_acc": 0.6298125,
    "best_epoch": 20
  }
}