{
  "baseline_accuracy": 0.6473125,
  "proposed_accuracy": 0.6371041666666667,
  "accuracy_improvement": -0.010208333333333264,
  "baseline_f1": 0.6473252786051511,
  "proposed_f1": 0.6371062563008696,
  "f1_improvement": -0.010219022304281511,
  "baseline_params": 2.686554,
  "proposed_params": 0.249564,
  "param_overhead": -2.43699
}