{
  "accuracy": 0.6371041666666667,
  "std": 0.07321557484105111,
  "precision": 0.6371246395690248,
  "recall": 0.6371041666666667,
  "f1_macro": 0.6371062563008696,
  "confidence_interval_95": {
    "mean": 0.6371041666666667,
    "lower": 0.6312457005468858,
    "upper": 0.6429626327864476,
    "margin": 0.005858466119780914
  },
  "param_count": 0.249564,
  "avg_inference_time": 0.009250053962071736,
  "confusion_matrix": [
    [
      6130,
      820,
      830,
      865,
      955
    ],
    [
      841,
      6202,
      900,
      848,
      809
    ],
    [
      849,
      859,
      6141,
      938,
      813
    ],
    [
      891,
      830,
      949,
      6064,
      866
    ],
    [
      959,
      847,
      838,
      912,
      6044
    ]
  ],
  "training": {
    "training_time": 1913.8211665153503,
    "best_val_acc": 0.6290625,
    "best_epoch": 16
  }
}