{
  "Full Model Improvement": 0.01911458333333338,
  "Invariance Only": 0.05812500000000009,
  "Covariance Only": 0.06468750000000001,
  "Variance Only": 0.033958333333333424,
  "Dynamic Weight Effect": -0.01781250000000001
}