{
  "accuracy": 0.3440416666666667,
  "std": 0.10050092419420276,
  "precision": 0.344066749524165,
  "recall": 0.3440416666666667,
  "f1_macro": 0.3440158321600072,
  "confidence_interval_95": {
    "mean": 0.3440416666666667,
    "lower": 0.33599991789017164,
    "upper": 0.35208341544316174,
    "margin": 0.00804174877649505
  },
  "param_count": 22.108614,
  "avg_inference_time": 0.022087395985921222,
  "confusion_matrix": [
    [
      3363,
      1601,
      1628,
      1551,
      1457
    ],
    [
      1705,
      3223,
      1531,
      1504,
      1637
    ],
    [
      1477,
      1574,
      3462,
      1713,
      1374
    ],
    [
      1604,
      1671,
      1506,
      3275,
      1544
    ],
    [
      1594,
      1588,
      1554,
      1673,
      3191
    ]
  ],
  "training": {
    "training_time": 383.0110683441162,
    "best_val_acc": 0.2838125,
    "best_epoch": 17
  }
}