{
  "accuracy": 0.4824375,
  "std": 0.1206412823639432,
  "precision": 0.4823850134418599,
  "recall": 0.48243749999999996,
  "f1_macro": 0.48236471097367295,
  "confidence_interval_95": {
    "mean": 0.48243749999999996,
    "lower": 0.47278418693224816,
    "upper": 0.49209081306775176,
    "margin": 0.009653313067751801
  },
  "param_count": 21.351516,
  "avg_inference_time": 0.021838566462198894,
  "confusion_matrix": [
    [
      4630,
      1075,
      1298,
      1230,
      1367
    ],
    [
      1291,
      4697,
      1179,
      1213,
      1220
    ],
    [
      1155,
      1313,
      4600,
      1339,
      1193
    ],
    [
      1230,
      1145,
      1280,
      4815,
      1130
    ],
    [
      1399,
      1303,
      1189,
      1294,
      4415
    ]
  ],
  "training": {
    "training_time": 410.7195689678192,
    "best_val_acc": 0.44625,
    "best_epoch": 18
  }
}