{
  "accuracy": 0.5602083333333333,
  "std": 0.11929680394107613,
  "precision": 0.5602156421889236,
  "recall": 0.5602083333333334,
  "f1_macro": 0.5602023376324332,
  "confidence_interval_95": {
    "mean": 0.5602083333333333,
    "lower": 0.5506626009450509,
    "upper": 0.5697540657216157,
    "margin": 0.00954573238828238
  },
  "param_count": 2.686534,
  "avg_inference_time": 0.011621716419855753,
  "confusion_matrix": [
    [
      5347,
      1032,
      1065,
      1079,
      1077
    ],
    [
      1053,
      5450,
      1049,
      1017,
      1031
    ],
    [
      1078,
      1047,
      5328,
      1091,
      1056
    ],
    [
      971,
      1171,
      1055,
      5403,
      1000
    ],
    [
      1064,
      1033,
      1099,
      1042,
      5362
    ]
  ],
  "training": {
    "training_time": 1306.8954768180847,
    "best_val_acc": 0.5493125,
    "best_epoch": 19
  }
}