{
  "baseline_accuracy": 0.5602083333333333,
  "proposed_accuracy": 0.5578125,
  "accuracy_improvement": -0.0023958333333332638,
  "baseline_f1": 0.5602023376324332,
  "proposed_f1": 0.5578293628071511,
  "f1_improvement": -0.0023729748252820926,
  "baseline_params": 2.686534,
  "proposed_params": 0.249564,
  "param_overhead": -2.43697
}