{
  "accuracy": 0.5578125,
  "std": 0.10982778303818816,
  "precision": 0.557876848188309,
  "recall": 0.5578125,
  "f1_macro": 0.5578293628071511,
  "confidence_interval_95": {
    "mean": 0.5578125,
    "lower": 0.5490244470845279,
    "upper": 0.5666005529154722,
    "margin": 0.008788052915472133
  },
  "param_count": 0.249564,
  "avg_inference_time": 0.011617999076843261,
  "confusion_matrix": [
    [
      5314,
      1087,
      1014,
      1062,
      1123
    ],
    [
      1200,
      5347,
      1021,
      1103,
      929
    ],
    [
      1091,
      1054,
      5330,
      1027,
      1098
    ],
    [
      1106,
      991,
      1055,
      5388,
      1060
    ],
    [
      1049,
      1003,
      1084,
      1068,
      5396
    ]
  ],
  "training": {
    "training_time": 1222.417266368866,
    "best_val_acc": 0.54925,
    "best_epoch": 17
  }
}