{
  "accuracy": 0.5691666666666667,
  "std": 0.10736769151171852,
  "precision": 0.5691757489861408,
  "recall": 0.5691666666666667,
  "f1_macro": 0.5691525248088927,
  "confidence_interval_95": {
    "mean": 0.5691666666666667,
    "lower": 0.5605754620705674,
    "upper": 0.577757871262766,
    "margin": 0.0085912045960993
  },
  "param_count": 2.686539,
  "avg_inference_time": 0.008990914424260458,
  "confusion_matrix": [
    [
      5519,
      4081
    ],
    [
      4191,
      5409
    ]
  ],
  "training": {
    "training_time": 2550.190196752548,
    "best_val_acc": 0.72625,
    "best_epoch": 1
  }
}