{
  "baseline_accuracy": 0.5691666666666667,
  "proposed_accuracy": 0.774375,
  "accuracy_improvement": 0.20520833333333333,
  "baseline_f1": 0.5691525248088927,
  "proposed_f1": 0.774374755180941,
  "f1_improvement": 0.20522223037204834,
  "baseline_params": 2.686539,
  "proposed_params": 0.249564,
  "param_overhead": -2.436975
}