{
  "accuracy": 0.5054583333333333,
  "std": 0.10426278065808314,
  "precision": 0.5055341770212969,
  "recall": 0.5054583333333332,
  "f1_macro": 0.5054568787747578,
  "confidence_interval_95": {
    "mean": 0.5054583333333333,
    "lower": 0.4971155733486498,
    "upper": 0.5138010933180169,
    "margin": 0.008342759984683534
  },
  "param_count": 2.686534,
  "avg_inference_time": 0.009290322462717692,
  "confusion_matrix": [
    [
      4769,
      1183,
      1161,
      1299,
      1188
    ],
    [
      1173,
      4923,
      1166,
      1099,
      1239
    ],
    [
      1076,
      1188,
      4912,
      1226,
      1198
    ],
    [
      1237,
      1219,
      1172,
      4824,
      1148
    ],
    [
      1021,
      1215,
      1260,
      1270,
      4834
    ]
  ],
  "training": {
    "training_time": 1570.9626500606537,
    "best_val_acc": 0.4723125,
    "best_epoch": 16
  }
}