{
  "accuracy": 0.48360416666666667,
  "std": 0.0987351232640757,
  "precision": 0.4836287035419745,
  "recall": 0.48360416666666667,
  "f1_macro": 0.48360578106095764,
  "confidence_interval_95": {
    "mean": 0.4836041666666667,
    "lower": 0.4757037113915324,
    "upper": 0.49150462194180106,
    "margin": 0.007900455275134333
  },
  "param_count": 0.249564,
  "avg_inference_time": 0.009914960463841755,
  "confusion_matrix": [
    [
      4671,
      1158,
      1252,
      1211,
      1308
    ],
    [
      1236,
      4660,
      1279,
      1216,
      1209
    ],
    [
      1197,
      1233,
      4588,
      1369,
      1213
    ],
    [
      1294,
      1201,
      1268,
      4565,
      1272
    ],
    [
      1214,
      1199,
      1200,
      1258,
      4729
    ]
  ],
  "training": {
    "training_time": 1624.5154898166656,
    "best_val_acc": 0.4769375,
    "best_epoch": 19
  }
}