{
  "Full Model Improvement": 0.09102083333333336,
  "Invariance Only": 0.08381249999999998,
  "Covariance Only": 0.10285416666666666,
  "Variance Only": 0.07016666666666668,
  "Dynamic Weight Effect": 0.007333333333333358
}