{
  "accuracy": 0.6800625,
  "std": 0.09891413706046608,
  "precision": 0.6801267052452171,
  "recall": 0.6800625,
  "f1_macro": 0.680074800759999,
  "confidence_interval_95": {
    "mean": 0.6800625,
    "lower": 0.6721477206379018,
    "upper": 0.6879772793620982,
    "margin": 0.007914779362098168
  },
  "param_count": 0.525402,
  "avg_inference_time": 0.009677591721216837,
  "confusion_matrix": [
    [
      6547,
      767,
      760,
      743,
      783
    ],
    [
      685,
      6547,
      786,
      751,
      831
    ],
    [
      736,
      819,
      6525,
      757,
      763
    ],
    [
      789,
      762,
      806,
      6464,
      779
    ],
    [
      682,
      795,
      749,
      814,
      6560
    ]
  ],
  "training": {
    "training_time": 385.5520920753479,
    "best_val_acc": 0.6365625,
    "best_epoch": 18
  }
}