{
  "accuracy": 0.6895208333333334,
  "std": 0.08861391904946737,
  "precision": 0.689548456056551,
  "recall": 0.6895208333333332,
  "f1_macro": 0.6894742760366809,
  "confidence_interval_95": {
    "mean": 0.6895208333333332,
    "lower": 0.6824302430645366,
    "upper": 0.6966114236021299,
    "margin": 0.007090590268796659
  },
  "param_count": 0.163548,
  "avg_inference_time": 0.01080722689628601,
  "confusion_matrix": [
    [
      6746,
      670,
      719,
      723,
      742
    ],
    [
      799,
      6458,
      768,
      730,
      845
    ],
    [
      739,
      732,
      6745,
      741,
      643
    ],
    [
      790,
      715,
      806,
      6565,
      724
    ],
    [
      741,
      807,
      771,
      698,
      6583
    ]
  ],
  "training": {
    "training_time": 408.90384888648987,
    "best_val_acc": 0.6486875000000001,
    "best_epoch": 20
  }
}