{
  "accuracy": 0.8360833333333333,
  "std": 0.11001691789094177,
  "precision": 0.8361438282974578,
  "recall": 0.8360833333333334,
  "f1_macro": 0.8360699541069587,
  "confidence_interval_95": {
    "mean": 0.8360833333333333,
    "lower": 0.8272801464777215,
    "upper": 0.8448865201889451,
    "margin": 0.008803186855611767
  },
  "param_count": 22.108614,
  "avg_inference_time": 0.022287530104319254,
  "confusion_matrix": [
    [
      8001,
      462,
      396,
      362,
      379
    ],
    [
      389,
      8063,
      421,
      368,
      359
    ],
    [
      394,
      370,
      8081,
      408,
      347
    ],
    [
      347,
      412,
      339,
      8108,
      394
    ],
    [
      418,
      452,
      423,
      428,
      7879
    ]
  ],
  "training": {
    "training_time": 390.8843445777893,
    "best_val_acc": 0.8342500000000002,
    "best_epoch": 20
  }
}