{
  "accuracy": 0.8376458333333333,
  "std": 0.10743326214898355,
  "precision": 0.8376572545499933,
  "recall": 0.8376458333333332,
  "f1_macro": 0.8376253495130159,
  "confidence_interval_95": {
    "mean": 0.8376458333333333,
    "lower": 0.8290493819935227,
    "upper": 0.8462422846731439,
    "margin": 0.008596451339810574
  },
  "param_count": 21.351516,
  "avg_inference_time": 0.02158357620239258,
  "confusion_matrix": [
    [
      7928,
      431,
      406,
      416,
      419
    ],
    [
      333,
      8108,
      356,
      399,
      404
    ],
    [
      446,
      355,
      7995,
      386,
      418
    ],
    [
      404,
      424,
      402,
      8009,
      361
    ],
    [
      380,
      342,
      324,
      387,
      8167
    ]
  ],
  "training": {
    "training_time": 408.69095396995544,
    "best_val_acc": 0.8483125000000001,
    "best_epoch": 17
  }
}