{
  "accuracy": 0.5152604166666667,
  "std": 0.10598863635940595,
  "precision": 0.5152604764434896,
  "recall": 0.5152604166666667,
  "f1_macro": 0.5152599419727621,
  "confidence_interval_95": {
    "mean": 0.5152604166666667,
    "lower": 0.5067795594646113,
    "upper": 0.523741273868722,
    "margin": 0.00848085720205538
  },
  "param_count": 28.694979,
  "avg_inference_time": 0.022895538409550983,
  "confusion_matrix": [
    [
      4956,
      4644
    ],
    [
      4663,
      4937
    ]
  ],
  "training": {
    "training_time": 833.6601455211639,
    "best_val_acc": 0.67984375,
    "best_epoch": 13
  }
}