{
  "baseline_accuracy": 0.5152604166666667,
  "proposed_accuracy": 0.50484375,
  "accuracy_improvement": -0.01041666666666663,
  "baseline_f1": 0.5152599419727621,
  "proposed_f1": 0.5047828029811969,
  "f1_improvement": -0.010477138991565216,
  "baseline_params": 28.694979,
  "proposed_params": 21.61366,
  "param_overhead": -7.081319000000001
}