{
  "Full Model Improvement": 0.11404166666666665,
  "Invariance Only": 0.11495833333333333,
  "Covariance Only": 0.10600000000000004,
  "Variance Only": 0.12187500000000001,
  "Dynamic Weight Effect": -0.018291666666666706
}