{
  "Full Model Improvement": 0.0894375,
  "Invariance Only": 0.13289583333333332,
  "Covariance Only": 0.13608333333333333,
  "Variance Only": 0.10862499999999997,
  "Dynamic Weight Effect": -0.019333333333333313
}