{
  "accuracy": 0.9899375,
  "std": 0.015310884268497799,
  "precision": 0.9899386837334179,
  "recall": 0.9899375000000001,
  "f1_macro": 0.9899375125596075,
  "confidence_interval_95": {
    "mean": 0.9899375000000001,
    "lower": 0.9887123741036917,
    "upper": 0.9911626258963085,
    "margin": 0.00122512589630841
  },
  "param_count": 0.216666,
  "avg_inference_time": 0.014427075783411661,
  "confusion_matrix": [
    [
      9497,
      18,
      28,
      30,
      27
    ],
    [
      27,
      9493,
      25,
      31,
      24
    ],
    [
      28,
      26,
      9509,
      12,
      25
    ],
    [
      17,
      17,
      22,
      9515,
      29
    ],
    [
      17,
      25,
      32,
      23,
      9503
    ]
  ],
  "training": {
    "training_time": 1132.3284804821014,
    "best_val_acc": 0.9944375,
    "best_epoch": 49
  }
}