{
  "baseline_accuracy": 0.9899375,
  "proposed_accuracy": 0.9936458333333333,
  "accuracy_improvement": 0.0037083333333333135,
  "baseline_f1": 0.9899375125596075,
  "proposed_f1": 0.9936457326453775,
  "f1_improvement": 0.0037082200857699865,
  "baseline_params": 0.216666,
  "proposed_params": 0.15126,
  "param_overhead": -0.06540599999999999
}