{
  "accuracy": 0.9936458333333333,
  "std": 0.011880024521813448,
  "precision": 0.9936466039926952,
  "recall": 0.9936458333333332,
  "f1_macro": 0.9936457326453775,
  "confidence_interval_95": {
    "mean": 0.9936458333333333,
    "lower": 0.9926952333918003,
    "upper": 0.9945964332748664,
    "margin": 0.0009505999415330146
  },
  "param_count": 0.15126,
  "avg_inference_time": 0.014235525528589884,
  "confusion_matrix": [
    [
      9546,
      9,
      12,
      20,
      13
    ],
    [
      8,
      9552,
      15,
      11,
      14
    ],
    [
      18,
      24,
      9533,
      10,
      15
    ],
    [
      20,
      20,
      19,
      9531,
      10
    ],
    [
      18,
      16,
      11,
      22,
      9533
    ]
  ],
  "training": {
    "training_time": 1342.5131599903107,
    "best_val_acc": 0.9974375000000001,
    "best_epoch": 40
  }
}