{
  "Full Model Improvement": 0.11229166666666665,
  "Invariance Only": 0.1033333333333333,
  "Covariance Only": 0.10987499999999997,
  "Variance Only": 0.11852083333333333,
  "Dynamic Weight Effect": -0.003458333333333341
}