{
  "accuracy": 0.6608125,
  "std": 0.09739051678893929,
  "precision": 0.6608486620242143,
  "recall": 0.6608125,
  "f1_macro": 0.6607928362408263,
  "confidence_interval_95": {
    "mean": 0.6608124999999999,
    "lower": 0.6530196356506505,
    "upper": 0.6686053643493494,
    "margin": 0.007792864349349449
  },
  "param_count": 28.695002,
  "avg_inference_time": 0.026584914922714233,
  "confusion_matrix": [
    [
      6334,
      790,
      837,
      812,
      827
    ],
    [
      886,
      6370,
      834,
      719,
      791
    ],
    [
      744,
      800,
      6469,
      835,
      752
    ],
    [
      912,
      714,
      861,
      6326,
      787
    ],
    [
      815,
      891,
      809,
      865,
      6220
    ]
  ],
  "training": {
    "training_time": 1425.4601800441742,
    "best_val_acc": 0.6766249999999999,
    "best_epoch": 20
  }
}