{
  "baseline_accuracy": 0.6608125,
  "proposed_accuracy": 0.703,
  "accuracy_improvement": 0.04218749999999993,
  "baseline_f1": 0.6607928362408263,
  "proposed_f1": 0.7029926370988473,
  "f1_improvement": 0.042199800858021,
  "baseline_params": 28.695002,
  "proposed_params": 21.61366,
  "param_overhead": -7.081341999999999
}