{
  "accuracy": 0.703,
  "std": 0.09672157205091324,
  "precision": 0.7030211936197214,
  "recall": 0.703,
  "f1_macro": 0.7029926370988473,
  "confidence_interval_95": {
    "mean": 0.703,
    "lower": 0.6952606623776105,
    "upper": 0.7107393376223894,
    "margin": 0.007739337622389431
  },
  "param_count": 21.61366,
  "avg_inference_time": 0.02664871374766032,
  "confusion_matrix": [
    [
      6646,
      803,
      760,
      685,
      706
    ],
    [
      794,
      6740,
      670,
      675,
      721
    ],
    [
      676,
      659,
      6921,
      612,
      732
    ],
    [
      713,
      687,
      691,
      6799,
      710
    ],
    [
      760,
      823,
      667,
      712,
      6638
    ]
  ],
  "training": {
    "training_time": 1435.1761276721954,
    "best_val_acc": 0.710875,
    "best_epoch": 15
  }
}