{
  "baseline": {
    "collapse": {
      "collapsed_dimensions": 7,
      "total_dimensions": 64,
      "collapse_ratio": 0.109375,
      "min_std": 0.0,
      "max_std": 0.24274662137031555,
      "mean_std": 0.11546806246042252
    },
    "utilization": {
      "mean_utilization": 0.30676776628884106,
      "std_utilization": 0.1829745821289174,
      "min_utilization": 0.0,
      "max_utilization": 0.6216160572538493,
      "low_utilization_dims": 20
    },
    "comprehensive": {
      "feature_collapse": {
        "collapsed_dimensions": 7,
        "total_dimensions": 64,
        "collapse_ratio": 0.109375,
        "std_per_dimension": [
          0.18663929402828217,
          0.0,
          0.05446348711848259,
          0.24274662137031555,
          0.12027454376220703,
          0.016143474727869034,
          0.0,
          0.008736708201467991,
          0.020846374332904816,
          0.0,
          0.0,
          0.16909600794315338,
          0.16334651410579681,
          0.10054215043783188,
          0.0008285173098556697,
          0.1392955332994461,
          0.03859774395823479,
          0.14107367396354675,
          0.17319126427173615,
          0.20709101855754852,
          0.1661921590566635,
          0.11762689054012299,
          0.15703962743282318,
          0.16781900823116302,
          0.0024442255962640047,
          0.11961795389652252,
          0.10260031372308731,
          0.012499451637268066,
          0.19394533336162567,
          0.07093605399131775,
          0.19561077654361725,
          0.12151508033275604,
          0.1216685026884079,
          0.17828162014484406,
          0.04307887330651283,
          0.0,
          0.13662922382354736,
          0.13823193311691284,
          0.21181350946426392,
          0.24239735305309296,
          0.13217878341674805,
          0.1433185189962387,
          0.16049912571907043,
          0.0,
          0.18289147317409515,
          0.07449360191822052,
          0.16652800142765045,
          0.04159644618630409,
          0.13059280812740326,
          0.2087128609418869,
          0.15141326189041138,
          0.14636129140853882,
          0.13086466491222382,
          0.1661771535873413,
          0.21098026633262634,
          0.14763277769088745,
          0.020938359200954437,
          0.16303683817386627,
          0.0353291891515255,
          0.19847247004508972,
          0.15282632410526276,
          0.15004786849021912,
          0.0,
          0.19220304489135742
        ],
        "min_std": 0.0,
        "max_std": 0.24274662137031555,
        "mean_std": 0.11546806246042252
      },
      "feature_utilization": {
        "mean_utilization": 0.30676776628884106,
        "std_utilization": 0.1829745821289174,
        "min_utilization": 0.0,
        "max_utilization": 0.6216160572538493,
        "low_utilization_dims": 20
      },
      "diversity_score": {
        "mean_diversity": 0.17995243141988768,
        "std_diversity": 0.0016985818459766629,
        "per_class_diversity": [
          0.17865284949080013,
          0.17790068521462174,
          0.18182061879430622,
          0.17929090728533623,
          0.1820970963143741
        ]
      },
      "feature_redundancy": {
        "total_features": 64,
        "high_correlation_pairs": 0,
        "moderate_correlation_pairs": 0,
        "effective_dimensions_95pct": 38,
        "dimensionality_reduction_ratio": 0.59375,
        "mean_abs_correlation": NaN
      },
      "intraclass_consistency": {
        "mean_euclidean_consistency": 0.005067921170742973,
        "mean_cosine_consistency": 0.9617137908935547,
        "mean_combined_consistency": 0.4833908500716843,
        "per_class_euclidean": [
          1.5305448249301887,
          1.5158440694634019,
          1.5277907210234043,
          1.526558398091728,
          1.5132027085370467
        ],
        "per_class_cosine": [
          0.9614688754081726,
          0.9621650576591492,
          0.9614802002906799,
          0.9613691568374634,
          0.9620856046676636
        ],
        "per_class_combined": [
          0.4807344377040863,
          0.48588498715269407,
          0.48163981371854747,
          0.48198686854886313,
          0.4867081432342308
        ]
      },
      "confusing_pairs": {
        "most_confusing_pairs": [
          {
            "class_1": 2,
            "class_2": 4,
            "distance": 0.02285970133007284
          },
          {
            "class_1": 3,
            "class_2": 4,
            "distance": 0.027477118793514284
          },
          {
            "class_1": 2,
            "class_2": 3,
            "distance": 0.028627188994659845
          },
          {
            "class_1": 1,
            "class_2": 2,
            "distance": 0.029003569387012828
          },
          {
            "class_1": 0,
            "class_2": 2,
            "distance": 0.03304093672439663
          }
        ],
        "mean_intercentroid_distance": 0.03303558166385283,
        "std_intercentroid_distance": 0.005902847288514306,
        "min_intercentroid_distance": 0.02285970133007284,
        "max_intercentroid_distance": 0.04235773440202028
      },
      "imbalance_ratio": {
        "imbalance_ratio": 1.0,
        "min_class_samples": 9600,
        "max_class_samples": 9600,
        "mean_class_samples": 9600.0,
        "std_class_samples": 0.0,
        "per_class_counts": {
          "0": 9600,
          "1": 9600,
          "2": 9600,
          "3": 9600,
          "4": 9600
        }
      }
    }
  },
  "proposed": {
    "collapse": {
      "collapsed_dimensions": 10,
      "total_dimensions": 64,
      "collapse_ratio": 0.15625,
      "min_std": 0.0,
      "max_std": 0.27803751826286316,
      "mean_std": 0.13314610719680786
    },
    "utilization": {
      "mean_utilization": 0.29216509781460076,
      "std_utilization": 0.18274988466082362,
      "min_utilization": 0.0,
      "max_utilization": 0.5110572024245242,
      "low_utilization_dims": 19
    },
    "comprehensive": {
      "feature_collapse": {
        "collapsed_dimensions": 10,
        "total_dimensions": 64,
        "collapse_ratio": 0.15625,