{
  "accuracy": 0.5010416666666667,
  "std": 0.09465993594030275,
  "precision": 0.5010416927089845,
  "recall": 0.5010416666666666,
  "f1_macro": 0.5010385481575926,
  "confidence_interval_95": {
    "mean": 0.5010416666666667,
    "lower": 0.4934672942901494,
    "upper": 0.508616039043184,
    "margin": 0.007574372376517313
  },
  "param_count": 28.694987,
  "avg_inference_time": 0.02423493266105652,
  "confusion_matrix": [
    [
      4834,
      4766
    ],
    [
      4814,
      4786
    ]
  ],
  "training": {
    "training_time": 1030.6910328865051,
    "best_val_acc": 0.78078125,
    "best_epoch": 5
  }
}