{
  "accuracy": 0.5558854166666667,
  "std": 0.1011982115281345,
  "precision": 0.5558860770392566,
  "recall": 0.5558854166666667,
  "f1_macro": 0.5558841047032064,
  "confidence_interval_95": {
    "mean": 0.5558854166666667,
    "lower": 0.5477878732832119,
    "upper": 0.5639829600501215,
    "margin": 0.008097543383454808
  },
  "param_count": 21.61366,
  "avg_inference_time": 0.023565228780110678,
  "confusion_matrix": [
    [
      5320,
      4280
    ],
    [
      4247,
      5353
    ]
  ],
  "training": {
    "training_time": 1044.9473950862885,
    "best_val_acc": 0.73140625,
    "best_epoch": 15
  }
}