{
  "Full Model Improvement": 0.2295833333333333,
  "Invariance Only": 0.21328125000000003,
  "Covariance Only": 0.2530208333333333,
  "Variance Only": 0.21796875,
  "Dynamic Weight Effect": 0.05812499999999998
}