{
  "Full Model Improvement": 0.36713541666666666,
  "Invariance Only": 0.3664583333333333,
  "Covariance Only": 0.38734374999999993,
  "Variance Only": 0.3734895833333333,
  "Dynamic Weight Effect": 0.024791666666666656
}