{
  "accuracy": 0.42220833333333335,
  "std": 0.0949150844907641,
  "precision": 0.422222848022156,
  "recall": 0.4222083333333334,
  "f1_macro": 0.4221850951483589,
  "confidence_interval_95": {
    "mean": 0.4222083333333333,
    "lower": 0.41461354482074614,
    "upper": 0.42980312184592045,
    "margin": 0.007594788512587158
  },
  "param_count": 28.694982,
  "avg_inference_time": 0.024860152006149293,
  "confusion_matrix": [
    [
      4024,
      1279,
      1546,
      1329,
      1422
    ],
    [
      1368,
      4033,
      1346,
      1435,
      1418
    ],
    [
      1379,
      1330,
      4177,
      1338,
      1376
    ],
    [
      1384,
      1485,
      1397,
      4016,
      1318
    ],
    [
      1377,
      1371,
      1460,
      1376,
      4016
    ]
  ],
  "training": {
    "training_time": 1616.7649970054626,
    "best_val_acc": 0.44618749999999996,
    "best_epoch": 18
  }
}