{
  "baseline_accuracy": 0.42220833333333335,
  "proposed_accuracy": 0.5282083333333333,
  "accuracy_improvement": 0.10599999999999993,
  "baseline_f1": 0.4221850951483589,
  "proposed_f1": 0.5281315795403765,
  "f1_improvement": 0.10594648439201759,
  "baseline_params": 28.694982,
  "proposed_params": 21.61366,
  "param_overhead": -7.081322
}