{
  "accuracy": 0.5282083333333333,
  "std": 0.10765791856874976,
  "precision": 0.5281257762311341,
  "recall": 0.5282083333333334,
  "f1_macro": 0.5281315795403765,
  "confidence_interval_95": {
    "mean": 0.5282083333333334,
    "lower": 0.5195939057360578,
    "upper": 0.536822760930609,
    "margin": 0.008614427597275598
  },
  "param_count": 21.61366,
  "avg_inference_time": 0.026005605061848958,
  "confusion_matrix": [
    [
      5117,
      1153,
      1146,
      1074,
      1110
    ],
    [
      1185,
      4953,
      1143,
      1140,
      1179
    ],
    [
      1221,
      1168,
      4915,
      1166,
      1130
    ],
    [
      1000,
      1060,
      1095,
      5306,
      1139
    ],
    [
      1042,
      1122,
      1169,
      1204,
      5063
    ]
  ],
  "training": {
    "training_time": 1634.6250758171082,
    "best_val_acc": 0.5354375,
    "best_epoch": 16
  }
}