{
  "Full Model Improvement": 0.3199791666666667,
  "Invariance Only": 0.32454166666666673,
  "Covariance Only": 0.2992916666666666,
  "Variance Only": 0.28104166666666663,
  "Dynamic Weight Effect": 0.07085416666666666
}