{
  "Full Model Improvement": 0.30704166666666666,
  "Invariance Only": 0.29489583333333336,
  "Covariance Only": 0.3083541666666666,
  "Variance Only": 0.33854166666666663,
  "Dynamic Weight Effect": -0.007145833333333296
}