{
  "Full Model Improvement": 0.19689583333333335,
  "Invariance Only": 0.1835416666666667,
  "Covariance Only": 0.2001875,
  "Variance Only": 0.21245833333333333,
  "Dynamic Weight Effect": -0.01854166666666668
}